date,sector,avg_change_pct,avg_rsi,avg_adx,avg_macd_diff,breadth_sma20,breadth_sma50,breadth_sma200,total_fund_flow,avg_relative_volume,total_market_cap,composite_score,stock_count
2026-02-11,その他,-0.583,49.33,18.68,0.0,0.5,0.5,0.5,18.27,0.9273,67505787.473425,47.21,2
2026-02-11,エネルギー鉱物,1.8982,68.34,33.97,0.0,0.875,1.0,1.0,749204.05,1.9393,76546567990.89755,70.97,8
2026-02-11,テクノロジーサービス,1.9308,48.89,26.69,0.0,0.371,0.457,0.4216,27937010.11,1.3059,415572603536.79047,53.77,593
2026-02-11,ヘルスケアサービス,0.6067,53.63,22.67,0.0,0.5278,0.5278,0.5556,-6323.93,1.2348,4672409902.31995,52.79,36
2026-02-11,ヘルスケアテクノロジー,2.0937,57.12,28.66,0.0,0.75,0.7348,0.6212,11107055.53,1.6548,486730834160.24866,59.94,132
2026-02-11,交通・輸送,0.6385,61.08,28.93,0.0,0.7232,0.8839,0.8839,145518.03,1.3926,231922324228.92014,63.1,112
2026-02-11,公益事業,1.1475,63.31,26.02,0.0,0.8125,0.8438,0.8438,267679.77,1.1497,118308598830.7027,63.02,32
2026-02-11,商業サービス,1.2003,52.02,25.89,0.0,0.5014,0.5533,0.5389,4592637.35,1.7187,122402648286.06639,54.73,347
2026-02-11,小売業,0.9362,57.8,27.05,0.0,0.6907,0.7458,0.7288,3111099.42,1.2474,425106153770.75854,59.32,236
2026-02-11,政府,0.1172,52.21,23.5,0.0,1.0,1.0,1.0,0.23,0.625,165954250.0,62.71,1
2026-02-11,流通サービス,1.0236,60.24,29.76,0.0,0.7533,0.837,0.8018,2181763.75,1.3776,459984694901.80444,62.13,227
2026-02-11,消費者サービス,0.8271,55.66,26.86,0.0,0.6555,0.6807,0.6597,622230.88,1.3898,171429017915.8249,57.03,238
2026-02-11,生産財製造,1.6433,63.69,29.99,0.0,0.8285,0.8767,0.921,14194492.21,1.7485,1362732807041.316,67.1,519
2026-02-11,産業サービス,1.3897,65.17,31.31,0.0,0.7927,0.9024,0.9207,2415285.81,1.4963,175837089442.24136,66.91,164
2026-02-11,素材産業,1.2751,64.69,31.76,0.0,0.8346,0.9173,0.9055,4894170.43,1.5337,504601934752.77954,66.24,254
2026-02-11,耐久消費財,1.8414,62.29,28.27,0.0,0.8106,0.8182,0.7652,9237855.93,1.3117,774867032067.7927,63.24,132
2026-02-11,通信,2.8163,54.91,24.18,0.0,0.6522,0.6522,0.6087,10747622.97,1.1772,395792779153.0694,60.36,23
2026-02-11,金融,1.2316,62.89,31.2,0.0,0.7559,0.8005,0.8373,31202163.23,1.3753,1581927510514.0957,64.24,381
2026-02-11,電子テクノロジー,1.8436,61.95,28.59,0.0,0.7523,0.8378,0.8514,5850338.27,1.4842,755227727134.1827,65.38,222
2026-02-11,非エネルギー鉱物,1.7019,60.59,32.73,0.0,0.7363,0.8681,0.8901,3616078.57,1.305,134089937878.31703,66.88,91
2026-02-11,非耐久消費財,0.6344,60.31,28.09,0.0,0.7701,0.8396,0.7433,620549.31,1.185,346671228135.5153,59.34,187
2026-02-12,その他,0.4754,50.6,18.59,0.0,0.5,0.5,0.5,34.11,0.338,68006216.477089,49.97,2
2026-02-12,エネルギー鉱物,2.7235,69.77,35.1,0.0,0.875,1.0,1.0,2299653.61,2.6327,77114017452.45169,73.6,8
2026-02-12,テクノロジーサービス,-0.5387,48.07,26.58,0.0,0.3558,0.4503,0.4047,-9010123.3,1.5568,418653296196.21387,46.18,593
2026-02-12,ヘルスケアサービス,0.307,54.71,23.0,0.0,0.5556,0.5556,0.6111,17188.92,1.5243,4707047072.252206,53.65,36
2026-02-12,ヘルスケアテクノロジー,0.762,57.32,28.96,0.0,0.6667,0.7045,0.6288,6196173.84,1.8003,490339031849.7763,56.78,132
2026-02-12,交通・輸送,1.0564,62.83,29.37,0.0,0.7946,0.8929,0.9018,460065.12,1.6296,233641593968.37778,64.86,112
2026-02-12,公益事業,1.9587,66.51,26.95,0.0,0.8438,0.9375,0.8438,4750112.22,1.3205,119185635547.90329,65.93,32
2026-02-12,商業サービス,-0.0912,51.78,25.97,0.0,0.5187,0.5533,0.5187,-3124504.01,1.5768,123310034713.51523,50.36,347
2026-02-12,小売業,0.9977,59.8,27.4,0.0,0.7458,0.7966,0.7331,4338794.26,1.6052,428258185589.9305,59.88,236
2026-02-12,政府,4.2528,63.36,25.05,0.0,1.0,1.0,1.0,12.76,0.9091,167184490.0,74.48,1
2026-02-12,流通サービス,0.9594,61.82,30.22,0.0,0.7797,0.8502,0.815,1658136.36,1.6483,463394620053.2001,62.53,227
2026-02-12,消費者サービス,0.2848,56.24,26.95,0.0,0.6597,0.6975,0.6555,-205480.08,1.4244,172699843067.94223,55.6,238
2026-02-12,生産財製造,1.4107,65.25,30.68,0.0,0.8593,0.8998,0.9326,4880840.81,1.5716,1372473263324.2466,67.04,519
2026-02-12,産業サービス,1.5002,66.21,32.09,0.0,0.8171,0.9085,0.9329,3578588.66,1.9855,177140592190.23016,67.81,164
2026-02-12,素材産業,1.7759,66.73,32.39,0.0,0.874,0.937,0.9252,18350446.28,1.6312,508342613188.01245,68.58,254
2026-02-12,耐久消費財,0.9098,62.82,29.0,0.0,0.7879,0.8258,0.7652,-2289442.17,1.7204,780611220104.7432,60.95,132
2026-02-12,通信,0.2945,54.84,24.37,0.0,0.6957,0.6522,0.6087,1502596.2,1.9288,398726841454.1271,53.85,23
2026-02-12,金融,0.9581,63.61,31.75,0.0,0.748,0.7848,0.8294,-8340244.65,1.7802,1593654540707.8684,63.29,381
2026-02-12,電子テクノロジー,1.1927,62.39,29.15,0.0,0.7568,0.8288,0.8468,477191.87,1.5743,760826326501.3551,63.73,222
2026-02-12,非エネルギー鉱物,2.2336,63.36,33.01,0.0,0.8022,0.9121,0.9121,6194947.93,1.6955,135083963672.62737,69.28,91
2026-02-12,非耐久消費財,0.6803,61.48,28.52,0.0,0.7754,0.8396,0.7433,3184157.46,1.4131,349241146120.14923,59.73,187
2026-02-13,その他,0.3333,52.08,18.96,0.0,0.5,1.0,0.5,-14.74,2.2755,68235579.770435,49.83,2
2026-02-13,エネルギー鉱物,-4.6634,57.74,34.89,0.0,0.875,0.875,1.0,-3810518.67,1.6609,77374098455.664,53.1,8
2026-02-13,テクノロジーサービス,-3.0911,43.1,26.67,0.0,0.226,0.3356,0.3575,-17104711.0,2.0117,420065280331.7827,37.95,593
2026-02-13,ヘルスケアサービス,-0.532,52.69,23.31,0.0,0.5,0.5833,0.5833,-68073.53,1.319,4722922441.804488,50.54,36
2026-02-13,ヘルスケアテクノロジー,-1.3701,54.13,29.05,0.0,0.5833,0.6136,0.6061,-4866626.46,1.315,491992789124.14325,50.35,132
2026-02-13,交通・輸送,-0.9854,58.97,29.61,0.0,0.7143,0.8214,0.8661,-641003.84,1.2612,234429592598.96252,58.48,112
2026-02-13,公益事業,-0.6519,63.71,27.87,0.0,0.8438,0.875,0.8438,3016294.42,1.3591,119587610709.95354,59.16,32
2026-02-13,商業サービス,-1.5824,48.44,26.08,0.0,0.3804,0.4899,0.5072,-2399162.75,1.9055,123725920159.42928,46.09,347
2026-02-13,小売業,-0.4372,57.02,27.62,0.0,0.678,0.7669,0.7161,-5334185.34,1.6498,429702563956.1697,55.41,236
2026-02-13,政府,-0.8234,60.31,27.24,0.0,1.0,1.0,1.0,-19.76,6.8571,167748350.0,61.92,1
2026-02-13,流通サービス,-1.2046,57.5,30.41,0.0,0.6652,0.7797,0.8018,-1785111.98,1.1876,464957502414.2563,56.33,227
2026-02-13,消費者サービス,-0.1967,54.9,27.1,0.0,0.6151,0.682,0.6611,612519.4,1.6553,173291780549.18958,54.48,239
2026-02-13,生産財製造,-1.7378,59.77,30.91,0.0,0.738,0.8459,0.9037,-8788729.66,1.5062,1377102178208.9827,57.84,519
2026-02-13,産業サービス,-1.9456,58.78,32.2,0.0,0.6585,0.8171,0.9146,-2620609.04,1.8165,177738030949.72504,57.67,164
2026-02-13,素材産業,-1.0142,62.65,32.72,0.0,0.7835,0.8858,0.9134,1905061.79,1.6055,510057090804.16095,60.65,254
2026-02-13,耐久消費財,-1.0033,59.32,29.49,0.0,0.7121,0.7879,0.7727,7701919.16,1.7304,783243972955.012,56.24,132
2026-02-13,通信,-1.2877,52.51,24.11,0.0,0.6957,0.6957,0.6087,-3556271.44,1.2844,400071620008.7784,49.48,23
2026-02-13,金融,-1.4699,58.22,32.12,0.0,0.664,0.7507,0.8136,9808072.58,1.49,1599029429546.6807,56.47,381
2026-02-13,電子テクノロジー,-1.5746,57.83,29.35,0.0,0.6486,0.7523,0.8243,-2351715.09,1.2705,763392749392.7466,55.79,222
2026-02-13,非エネルギー鉱物,-2.7426,56.67,32.94,0.0,0.6044,0.8681,0.8901,-4760292.1,1.3787,135539558828.35289,54.8,91
2026-02-13,非耐久消費財,-0.3446,59.61,28.81,0.0,0.738,0.8342,0.7326,3686979.58,1.5726,350419025196.43976,56.78,187
2026-02-14,その他,0.3333,52.08,18.96,0.0,0.5,1.0,0.5,-14.74,2.2755,68639655.79856,49.83,2
2026-02-14,エネルギー鉱物,-4.6634,57.74,34.89,0.0,0.875,0.875,1.0,-3810518.67,1.6609,79358191320.62898,53.11,8
2026-02-14,テクノロジーサービス,-3.0911,43.1,26.67,0.0,0.226,0.3356,0.3575,-17104711.0,2.0117,404269001654.036,37.93,593
2026-02-14,ヘルスケアサービス,-0.532,52.69,23.31,0.0,0.5,0.5833,0.5833,-68073.53,1.319,4733795393.125259,50.54,36
2026-02-14,ヘルスケアテクノロジー,-1.3701,54.13,29.05,0.0,0.5833,0.6136,0.6061,-4866626.46,1.315,493508111403.05206,50.35,132
2026-02-14,交通・輸送,-0.9854,58.97,29.61,0.0,0.7143,0.8214,0.8661,-641003.84,1.2612,234842668165.14313,58.48,112
2026-02-14,公益事業,-0.6519,63.71,27.87,0.0,0.8438,0.875,0.8438,3016294.42,1.3591,122680096804.91025,59.16,32
2026-02-14,商業サービス,-1.5824,48.44,26.08,0.0,0.3804,0.4899,0.5072,-2399162.75,1.9055,123526923018.60872,46.09,347
2026-02-14,小売業,-0.4372,57.02,27.62,0.0,0.678,0.7669,0.7161,-5334185.34,1.6498,434577246756.0092,55.41,236
2026-02-14,政府,-0.8234,60.31,27.24,0.0,1.0,1.0,1.0,-19.76,6.8571,174882400.0,61.92,1
2026-02-14,流通サービス,-1.1899,57.56,30.45,0.0,0.6667,0.7807,0.8026,-1782882.8,1.1914,475018444568.1844,56.4,228
2026-02-14,消費者サービス,-0.1967,54.9,27.1,0.0,0.6151,0.682,0.6611,612519.4,1.6553,174021216720.4176,54.48,239
2026-02-14,生産財製造,-1.7378,59.77,30.91,0.0,0.738,0.8459,0.9037,-8788729.66,1.5062,1381520340118.79,57.84,519
2026-02-14,産業サービス,-1.9456,58.78,32.2,0.0,0.6585,0.8171,0.9146,-2620609.04,1.8165,179249758092.59058,57.67,164
2026-02-14,素材産業,-1.0142,62.65,32.72,0.0,0.7835,0.8858,0.9134,1905061.79,1.6055,525206468471.6646,60.64,254
2026-02-14,耐久消費財,-1.0033,59.32,29.49,0.0,0.7121,0.7879,0.7727,7701919.16,1.7304,779522310545.2618,56.24,132
2026-02-14,通信,-1.2877,52.51,24.11,0.0,0.6957,0.6957,0.6087,-3556271.44,1.2844,406014164261.3016,49.48,23
2026-02-14,金融,-1.4699,58.22,32.12,0.0,0.664,0.7507,0.8136,9808072.58,1.49,1617836454572.0269,56.47,381
2026-02-14,電子テクノロジー,-1.5914,57.76,29.31,0.0,0.6471,0.7511,0.8235,-2353944.27,1.267,770735378328.2922,55.72,221
2026-02-14,非エネルギー鉱物,-2.7426,56.67,32.94,0.0,0.6044,0.8681,0.8901,-4760292.1,1.3787,142947927048.10767,54.82,91
2026-02-14,非耐久消費財,-0.3446,59.61,28.81,0.0,0.738,0.8342,0.7326,3686979.58,1.5726,354655147206.6903,56.78,187
2026-02-16,その他,-8.2921,34.96,19.15,0.0,0.5,0.0,0.5,-3419.03,27.3051,68797794.775119,34.33,2
2026-02-16,エネルギー鉱物,0.8419,58.62,34.57,0.0,0.875,0.875,1.0,141785.35,0.8572,73466939818.11049,67.4,8
2026-02-16,テクノロジーサービス,-0.3718,42.96,26.9,0.0,0.2597,0.3423,0.3541,-2800774.31,1.9351,381033811466.7826,45.03,593
2026-02-16,ヘルスケアサービス,-1.2385,49.75,23.49,0.0,0.4722,0.5833,0.5556,-167095.93,2.4533,4701149112.250632,47.61,36
2026-02-16,ヘルスケアテクノロジー,1.5744,55.63,29.29,0.0,0.6667,0.6667,0.6364,-4693391.62,1.6351,494268115534.35736,58.67,132
2026-02-16,交通・輸送,-0.4548,57.22,29.7,0.0,0.6786,0.7411,0.8482,-149273.76,1.036,233164704150.6394,59.22,112
2026-02-16,公益事業,0.7218,63.65,28.71,0.0,0.8125,0.8438,0.8125,2393250.31,1.2578,122001980504.61845,61.92,32
2026-02-16,商業サービス,-0.0534,48.26,26.32,0.0,0.4063,0.4813,0.4899,697691.4,2.2115,121369800242.50327,49.76,347
2026-02-16,小売業,0.0137,56.21,27.69,0.0,0.6723,0.7404,0.7277,6653911.42,1.6401,435954528576.3901,57.04,235
2026-02-16,政府,0.0,60.31,28.33,0.0,1.0,1.0,1.0,0.0,1.5517,173495500.0,64.2,1
2026-02-16,流通サービス,0.3344,57.44,30.59,0.0,0.6842,0.7895,0.7939,-803310.3,1.2114,468368418997.10754,60.03,228
2026-02-16,消費者サービス,-0.0147,54.52,27.34,0.0,0.5983,0.6569,0.6485,859122.17,1.7503,172935690680.05075,54.65,239
2026-02-16,生産財製造,1.0917,60.27,31.13,0.0,0.7245,0.8401,0.9075,8493145.45,1.64,1358823983919.2488,65.23,519
2026-02-16,産業サービス,0.9544,59.2,32.2,0.0,0.7073,0.8354,0.9085,959349.85,1.3466,171705476132.2439,65.02,164
2026-02-16,素材産業,0.8836,63.0,33.01,0.0,0.7717,0.8937,0.9134,2522823.88,1.377,514443984258.02045,65.49,254
2026-02-16,耐久消費財,0.5624,58.99,29.88,0.0,0.7273,0.7803,0.7803,-197614.32,1.3514,779459644262.2167,60.29,132
2026-02-16,通信,0.624,53.5,24.6,0.0,0.6522,0.6087,0.6087,4139210.3,1.929,392048154892.22107,54.65,23
2026-02-16,金融,0.1195,58.53,32.18,0.0,0.7192,0.7638,0.8268,-20541060.51,1.1219,1587932184120.179,60.63,381
2026-02-16,電子テクノロジー,1.9516,59.59,29.5,0.0,0.724,0.7873,0.8326,3078468.2,1.541,769692449522.1844,65.09,221
2026-02-16,非エネルギー鉱物,0.6644,56.38,32.73,0.0,0.6703,0.8352,0.8791,707682.13,1.1102,136870801980.03645,63.37,91
2026-02-16,非耐久消費財,0.1174,58.63,29.23,0.0,0.7219,0.8128,0.7219,-279967.33,1.5497,357980217382.22156,57.54,187
2026-02-17,その他,-0.3408,34.15,19.48,0.0,0.0,0.0,0.5,-64.77,1.3552,63957254.014192,46.45,2
2026-02-17,エネルギー鉱物,0.3718,59.11,34.47,0.0,0.875,1.0,1.0,171621.92,0.7349,73075100076.091,66.26,8
2026-02-17,テクノロジーサービス,-0.4746,42.72,27.14,0.0,0.2597,0.3288,0.3406,46813.87,1.2419,383970783782.21606,44.53,593
2026-02-17,ヘルスケアサービス,0.1213,49.8,23.56,0.0,0.4167,0.5833,0.5278,10995.59,1.0808,4646512871.815408,50.71,36
2026-02-17,ヘルスケアテクノロジー,0.5069,55.52,29.63,0.0,0.6136,0.6742,0.6212,10116138.68,1.2675,488437563457.7755,55.98,132
2026-02-17,交通・輸送,0.0772,56.64,29.71,0.0,0.6607,0.7857,0.8571,71695.68,1.0331,230655594327.6052,60.73,112
2026-02-17,公益事業,0.9551,64.16,29.65,0.0,0.8438,0.8438,0.8125,753391.92,1.1139,120480685156.7426,62.61,32
2026-02-17,商業サービス,-0.087,47.91,26.54,0.0,0.3977,0.4669,0.4986,1228341.2,1.7121,119036521978.35939,49.95,347
2026-02-17,小売業,-0.0674,55.55,27.82,0.0,0.6511,0.7106,0.7149,-1699188.77,1.227,427582030483.5998,56.28,235
2026-02-17,政府,-1.0189,56.43,29.35,0.0,1.0,1.0,1.0,-1.02,0.1538,172568000.0,61.46,1
2026-02-17,流通サービス,0.4284,57.62,30.72,0.0,0.6886,0.7982,0.807,4033246.84,4.5354,455660671227.69037,60.74,228
2026-02-17,消費者サービス,-0.3606,53.27,27.57,0.0,0.569,0.6444,0.6611,-1230031.92,1.064,171378809749.92078,53.9,239
2026-02-17,生産財製造,0.4667,60.13,31.35,0.0,0.7514,0.8247,0.9094,3526732.55,1.0492,1347282060212.8757,63.71,519
2026-02-17,産業サービス,0.109,58.84,32.17,0.0,0.7134,0.8293,0.8963,8134003.77,1.27,169463445179.726,62.98,164
2026-02-17,素材産業,0.521,62.92,33.31,0.0,0.8031,0.8898,0.9134,1958729.34,1.014,511680665762.6256,64.63,254
2026-02-17,耐久消費財,0.5434,58.88,30.15,0.0,0.7273,0.7727,0.7727,4733156.12,1.5968,759808443052.8567,60.16,132
2026-02-17,通信,-0.3917,53.3,25.2,0.0,0.6522,0.6087,0.5652,-3828840.56,2.8167,401158342984.92377,50.93,23
2026-02-17,金融,-0.5499,56.25,32.16,0.0,0.6535,0.7244,0.8215,-6983811.24,0.9684,1550248289150.672,58.67,381
2026-02-17,電子テクノロジー,1.3182,60.66,29.79,0.0,0.7421,0.8009,0.8416,5989567.38,1.265,771212891361.6472,63.94,221
2026-02-17,非エネルギー鉱物,-0.317,55.54,32.4,0.0,0.6374,0.8352,0.8791,-405602.86,0.7564,136880076897.62912,60.69,91
2026-02-17,非耐久消費財,0.0735,57.56,29.48,0.0,0.7059,0.7861,0.7059,1164312.21,1.0273,354653757625.7543,57.02,187
2026-02-18,その他,0.4671,35.51,20.26,0.0,0.0,0.0,0.5,15.19,0.6013,63770990.988782,48.77,2
2026-02-18,エネルギー鉱物,0.9337,60.68,34.38,0.0,0.875,1.0,1.0,175948.73,0.5207,73826682343.86127,67.8,8
2026-02-18,テクノロジーサービス,0.5627,43.88,27.33,0.0,0.2884,0.3423,0.3491,8666893.17,0.9856,377218993622.1212,47.72,593
2026-02-18,ヘルスケアサービス,0.4587,50.95,23.64,0.0,0.5833,0.5556,0.5556,51868.39,0.8782,4661098743.964167,52.47,36
2026-02-18,ヘルスケアテクノロジー,1.6269,57.87,30.08,0.0,0.7424,0.75,0.6439,11337564.5,1.5592,487341829904.93866,59.7,132
2026-02-18,交通・輸送,1.0143,58.83,29.78,0.0,0.75,0.8393,0.8839,846297.5,1.0733,231382973211.00552,64.01,112
2026-02-18,公益事業,1.3201,65.79,30.53,0.0,0.875,0.8438,0.875,2135994.59,1.2564,121040913248.27408,65.54,32
2026-02-18,商業サービス,0.383,48.65,26.72,0.0,0.4352,0.4582,0.5014,-343244.17,1.0982,118482307176.94644,51.17,347
2026-02-18,小売業,0.4612,57.02,28.03,0.0,0.7319,0.7532,0.7277,-1106501.55,0.921,430051277474.68024,58.13,235
2026-02-18,政府,-1.0189,56.43,29.35,0.0,1.0,1.0,1.0,-1.02,0.1538,171045830.0,61.46,1
2026-02-18,流通サービス,0.7088,58.74,30.89,0.0,0.7412,0.8289,0.8114,-860729.29,1.0111,455567803975.49835,61.59,228
2026-02-18,消費者サービス,0.4323,54.28,27.84,0.0,0.5983,0.6402,0.6611,392793.44,0.9076,169934946355.6819,56.13,239
2026-02-18,生産財製造,1.3473,61.56,31.66,0.0,0.7919,0.8555,0.9133,9031762.61,1.1401,1338601704135.7075,66.26,519
2026-02-18,産業サービス,0.5776,59.93,32.2,0.0,0.7683,0.8537,0.9085,-2206934.96,0.7861,170654459774.09586,63.96,164
2026-02-18,素材産業,0.9255,64.33,33.73,0.0,0.8386,0.8976,0.9291,-614170.77,0.873,508167071344.01166,66.21,254
2026-02-18,耐久消費財,0.2088,59.7,30.45,0.0,0.7576,0.7955,0.7727,-2015744.51,0.909,765445040352.4496,59.37,132
2026-02-18,通信,-0.0168,52.79,25.61,0.0,0.6522,0.5217,0.5652,-1085198.98,0.8149,391437173823.15454,51.96,23
2026-02-18,金融,0.7901,58.1,32.15,0.0,0.7454,0.7559,0.832,6149314.14,0.8105,1531419129812.3025,62.56,381
2026-02-18,電子テクノロジー,0.9866,61.81,30.17,0.0,0.7783,0.8507,0.8552,12824203.86,1.2441,772721977160.2552,63.73,221
2026-02-18,非エネルギー鉱物,1.1057,57.46,32.08,0.0,0.6703,0.8462,0.8791,1598606.63,0.6973,135742136924.81422,64.52,91
2026-02-18,非耐久消費財,0.1348,57.92,29.7,0.0,0.6952,0.8075,0.7166,-16346.85,0.8483,355017316029.6945,57.48,187
2026-02-19,その他,0.386,36.76,21.02,0.0,0.5,0.0,0.5,45.55,0.3065,63363143.72220799,48.85,2
2026-02-19,エネルギー鉱物,2.0948,63.84,34.71,0.0,0.875,1.0,1.0,490807.92,0.6146,74032005544.21242,71.13,8
2026-02-19,テクノロジーサービス,0.1868,44.59,27.42,0.0,0.3137,0.3423,0.3457,7208106.88,1.0565,377446883670.8861,46.74,593
2026-02-19,ヘルスケアサービス,-0.2217,50.24,23.88,0.0,0.5833,0.5556,0.5556,28110.85,0.9966,4662976364.568644,50.7,36
2026-02-19,ヘルスケアテクノロジー,0.7031,58.38,30.56,0.0,0.7273,0.7348,0.6667,36157914.35,1.3557,490278310006.12805,58.61,132
2026-02-19,交通・輸送,0.6383,59.68,29.88,0.0,0.7768,0.8125,0.9018,637300.12,1.134,232284903388.5555,63.61,112
2026-02-19,公益事業,0.6277,66.42,31.27,0.0,0.875,0.8438,0.875,367709.0,1.0023,121303628581.7892,63.87,32
2026-02-19,商業サービス,0.0747,49.28,26.86,0.0,0.458,0.4899,0.5159,-248346.96,0.9829,117882533113.15614,50.86,345
2026-02-19,小売業,0.253,56.99,28.14,0.0,0.6979,0.7617,0.7362,-2328628.52,0.9884,424360713228.2774,57.81,235
2026-02-19,政府,0.6481,58.25,30.42,0.0,1.0,1.0,1.0,0.65,0.1562,169367110.0,66.03,1
2026-02-19,流通サービス,0.5764,60.13,31.14,0.0,0.7675,0.8377,0.8246,430052.41,0.9296,457167249045.3345,61.8,228
2026-02-19,消費者サービス,0.1792,55.14,28.07,0.0,0.6208,0.6542,0.675,-65093.88,0.8926,169812857334.10358,55.95,240
2026-02-19,生産財製造,0.8619,62.46,32.04,0.0,0.8208,0.8593,0.9171,5394572.12,1.2019,1343323936815.0684,65.28,519
2026-02-19,産業サービス,0.8286,61.37,32.3,0.0,0.8232,0.8537,0.9146,20502.15,0.7389,171572546642.96194,65.04,164
2026-02-19,素材産業,0.2338,64.52,34.13,0.0,0.8425,0.9094,0.9173,-7525809.88,0.885,509499895526.7652,64.15,254
2026-02-19,耐久消費財,0.3391,60.5,30.69,0.0,0.7803,0.803,0.7879,542610.48,0.9383,765552059406.586,60.24,132
2026-02-19,通信,0.1207,53.24,26.2,0.0,0.6087,0.5652,0.5652,553813.84,0.7918,383132976517.8411,52.51,23
2026-02-19,金融,0.8947,59.13,32.27,0.0,0.7625,0.7573,0.8338,6295715.12,0.8411,1542476444311.1536,62.99,379
2026-02-19,電子テクノロジー,0.4739,62.3,30.57,0.0,0.7828,0.8462,0.8597,-1191642.52,1.0269,768266735255.9208,62.51,221
2026-02-19,非エネルギー鉱物,0.7196,58.39,31.86,0.0,0.7253,0.8681,0.8901,1210656.46,0.7354,137232857106.72038,63.85,91
2026-02-19,非耐久消費財,0.3153,58.64,29.85,0.0,0.7326,0.8182,0.7273,-168625.48,0.905,353198501681.57855,58.3,187
2026-02-20,その他,-3.2045,32.11,21.65,0.0,0.0,0.0,0.5,-148.93,0.4411,63613605.735099,39.51,2
2026-02-20,エネルギー鉱物,-0.8999,61.23,34.86,0.0,0.875,1.0,1.0,-195868.27,0.7654,75594761640.04248,63.32,8
2026-02-20,テクノロジーサービス,-1.1835,42.97,27.46,0.0,0.2614,0.3002,0.3373,-6324276.91,0.9557,378751831752.14233,42.59,593
2026-02-20,ヘルスケアサービス,-0.225,50.32,24.19,0.0,0.5278,0.5556,0.5278,-15032.25,1.1705,4677766817.63793,49.97,36
2026-02-20,ヘルスケアテクノロジー,-1.0508,56.02,30.94,0.0,0.6288,0.7045,0.6591,-13509719.69,1.6634,494146715679.8628,52.87,132
2026-02-20,交通・輸送,-0.7952,56.37,29.8,0.0,0.6875,0.8036,0.8393,-627783.07,1.0203,234117170599.2345,58.07,112
2026-02-20,公益事業,-1.972,60.14,31.17,0.0,0.875,0.8125,0.8438,-2076929.08,1.0673,121698587122.96834,55.74,32
2026-02-20,商業サービス,-0.871,47.31,26.94,0.0,0.4,0.4493,0.4899,-260237.08,0.8994,117660209107.58597,47.66,345
2026-02-20,小売業,-0.8409,54.06,28.02,0.0,0.617,0.6809,0.7106,-1184152.92,1.0922,426555397591.49805,54.14,235
2026-02-20,政府,0.3788,59.33,31.5,0.0,1.0,1.0,1.0,0.38,0.1724,170253600.0,65.68,1
2026-02-20,流通サービス,-0.8174,57.73,31.24,0.0,0.7249,0.7817,0.8079,-1608165.0,1.0285,464197256865.4168,57.64,229
2026-02-20,消費者サービス,-0.7179,52.56,28.13,0.0,0.575,0.6167,0.6375,-854333.99,0.9016,170270035163.16525,52.47,240
2026-02-20,生産財製造,-0.5835,60.01,32.23,0.0,0.7649,0.8362,0.8998,5062832.64,1.271,1364341188748.9973,61.02,519
2026-02-20,産業サービス,-0.5739,59.5,32.27,0.0,0.7744,0.8354,0.9024,-1406125.0,0.7697,173250053021.46625,60.95,164
2026-02-20,素材産業,-0.8264,61.63,34.23,0.0,0.7835,0.9016,0.9134,-2936449.43,0.7603,516261123845.48,61.22,254
2026-02-20,耐久消費財,-0.7869,57.86,30.79,0.0,0.7273,0.7955,0.7576,-3199022.45,0.8684,772905494286.3286,56.38,132
2026-02-20,通信,-0.5665,51.37,26.64,0.0,0.6087,0.6522,0.5652,-5094451.85,0.806,385510881848.68,50.55,23
2026-02-20,金融,-0.5328,57.1,32.24,0.0,0.7124,0.7282,0.8259,-5391841.54,0.9398,1570004039360.6406,58.94,379
2026-02-20,電子テクノロジー,-0.6243,60.32,30.79,0.0,0.7602,0.8145,0.8507,-8604363.49,1.166,765836281855.2959,59.28,221
2026-02-20,非エネルギー鉱物,-0.5606,56.91,31.58,0.0,0.7143,0.8352,0.8681,-457590.7,0.8878,139214961895.2916,59.78,91
2026-02-20,非耐久消費財,-0.6093,56.32,29.95,0.0,0.6578,0.7647,0.6952,-428437.98,0.859,353602854454.5576,54.97,187
2026-02-21,その他,-3.2045,32.11,21.65,0.0,0.0,0.0,0.5,-148.93,0.4411,62829146.543988004,39.5,2
2026-02-21,エネルギー鉱物,-0.8999,61.23,34.86,0.0,0.875,1.0,1.0,-195868.27,0.7654,75196155277.82709,63.32,8
2026-02-21,テクノロジーサービス,-1.1835,42.97,27.46,0.0,0.2614,0.3002,0.3373,-6324276.91,0.9557,372544478559.4558,42.59,593
2026-02-21,ヘルスケアサービス,-0.225,50.32,24.19,0.0,0.5278,0.5556,0.5278,-15032.25,1.1705,4643214497.178101,49.97,36
2026-02-21,ヘルスケアテクノロジー,-1.0508,56.02,30.94,0.0,0.6288,0.7045,0.6591,-13509719.69,1.6634,494369203280.7923,52.87,132
2026-02-21,交通・輸送,-0.7952,56.37,29.8,0.0,0.6875,0.8036,0.8393,-627783.07,1.0203,230479952041.91574,58.06,112
2026-02-21,公益事業,-1.972,60.14,31.17,0.0,0.875,0.8125,0.8438,-2076929.08,1.0673,119420841768.84692,55.74,32
2026-02-21,商業サービス,-0.871,47.31,26.94,0.0,0.4,0.4493,0.4899,-260237.08,0.8994,117259300380.12885,47.66,345
2026-02-21,小売業,-0.8409,54.06,28.02,0.0,0.617,0.6809,0.7106,-1184152.92,1.0922,420354031643.9883,54.14,235
2026-02-21,政府,0.3788,59.33,31.5,0.0,1.0,1.0,1.0,0.38,0.1724,170898500.0,65.68,1
2026-02-21,流通サービス,-0.8174,57.73,31.24,0.0,0.7249,0.7817,0.8079,-1608165.0,1.0285,456671435435.63824,57.64,229
2026-02-21,消費者サービス,-0.7179,52.56,28.13,0.0,0.575,0.6167,0.6375,-854333.99,0.9016,168011238978.16608,52.47,240
2026-02-21,生産財製造,-0.5835,60.01,32.23,0.0,0.7649,0.8362,0.8998,5062832.64,1.271,1360883564409.3442,61.02,519
2026-02-21,産業サービス,-0.5739,59.5,32.27,0.0,0.7744,0.8354,0.9024,-1406125.0,0.7697,172695267631.70074,60.95,164
2026-02-21,素材産業,-0.8264,61.63,34.23,0.0,0.7835,0.9016,0.9134,-2936449.43,0.7603,510221530769.0634,61.22,254
2026-02-21,耐久消費財,-0.7869,57.86,30.79,0.0,0.7273,0.7955,0.7576,-3199022.45,0.8684,756223583815.9766,56.37,132
2026-02-21,通信,-0.5665,51.37,26.64,0.0,0.6087,0.6522,0.5652,-5094451.85,0.806,378934254165.46655,50.54,23
2026-02-21,金融,-0.5328,57.1,32.24,0.0,0.7124,0.7282,0.8259,-5391841.54,0.9398,1549890778963.1675,58.94,379
2026-02-21,電子テクノロジー,-0.6243,60.32,30.79,0.0,0.7602,0.8145,0.8507,-8604363.49,1.166,756275375263.0386,59.28,221
2026-02-21,非エネルギー鉱物,-0.5606,56.91,31.58,0.0,0.7143,0.8352,0.8681,-457590.7,0.8878,139175133216.139,59.78,91
2026-02-21,非耐久消費財,-0.6093,56.32,29.95,0.0,0.6578,0.7647,0.6952,-428437.98,0.859,351776224009.5256,54.97,187
